Date,Time,Close,Open,High,Low,Volume
20260917,194500,84200,84200,84300,84200,824
20260917,194600,84200,84200,84300,84200,443
20260917,194700,84200,84200,84200,84200,2
20260917,194800,84200,84200,84300,84200,55
20260917,194900,84200,84300,84300,84200,71
20260917,195000,84200,84200,84300,84200,31
20260917,195100,84300,84200,84300,84200,40
20260917,195200,84300,84300,84300,84300,0
20260917,195300,84200,84300,84300,84200,15
20260917,195400,84200,84200,84200,84200,0
20260917,195500,84200,84200,84200,84200,5
20260917,195600,84200,84200,84200,84200,2676
20260917,195700,84100,84200,84200,84100,18
20260917,195800,84200,84200,84200,84100,172
20260917,195900,84300,84200,84300,84100,1411
20260917,200000,84300,84300,84300,84300,0
20260918,090000,84400,84500,84500,83800,11492
20260918,090100,84300,84400,84500,84200,4938
20260918,090200,84300,84200,84500,84100,4737
20260918,090300,84000,84300,84300,83800,6439
20260918,090400,83900,84000,84300,83800,3184
20260918,090500,83900,83900,84100,83700,5646
20260918,090600,83700,83800,83900,83700,2212
20260918,090700,83900,83800,84100,83800,2282
20260918,090800,83700,83900,84000,83600,6523
20260918,090900,83900,83700,84100,83700,3023
20260918,091000,83700,84000,84000,83600,2796
20260918,091100,84000,83800,84000,83800,1218
20260918,091200,83800,84000,84000,83800,1100
20260918,091300,83900,83800,84050,83800,1413
20260918,091400,83900,83800,84000,83800,336
20260918,091500,83800,83800,83900,83700,1300
20260918,091600,83700,83800,83800,83700,2067
20260918,091700,83700,83700,83800,83700,469
20260918,091800,83500,83700,83800,83500,2533
20260918,091900,83400,83500,83600,83300,5236
20260918,092000,83500,83400,83500,83300,1528
20260918,092100,83500,83500,83500,83400,393
20260918,092200,83500,83500,83500,83400,1123
20260918,092300,83700,83400,83800,83400,1711
20260918,092400,83800,83700,83800,83700,281
20260918,092500,83700,83700,83800,83600,1843
20260918,092600,83700,83700,83800,83500,2694
20260918,092700,83700,83700,83700,83600,395
20260918,092800,83700,83600,83800,83600,1636
20260918,092900,83700,83600,83700,83600,110
20260918,093000,83700,83600,83700,83600,307
20260918,093100,83700,83700,83700,83600,1175
20260918,093200,83800,83700,83800,83600,1497
20260918,093300,83800,83700,83900,83700,563
20260918,093400,83900,83800,83900,83700,1072
20260918,093500,83800,83800,83800,83750,538
20260918,093600,83700,83800,83800,83700,2140
20260918,093700,83600,83700,83700,83600,344
20260918,093800,83800,83700,83800,83700,2750
20260918,093900,83800,83800,83900,83700,3394
20260918,094000,83800,83800,83900,83800,1393
20260918,094100,83900,83900,83900,83800,412
20260918,094200,83900,83900,83900,83800,789
20260918,094300,84000,83800,84000,83800,151
20260918,094400,84000,84000,84100,83900,1789
20260918,094500,84000,84100,84100,84000,627
20260918,094600,84000,84000,84100,84000,1144
20260918,094700,84000,84000,84100,83900,356
20260918,094800,83900,84000,84000,83900,422
20260918,094900,83700,83900,84000,83600,2041
20260918,095000,83800,83800,83800,83700,432
20260918,095100,83750,83700,83800,83700,251
20260918,095200,83800,83800,83800,83700,561
20260918,095300,83900,83700,83900,83700,533
20260918,095400,83900,83800,83900,83800,88
20260918,095500,83800,83900,83900,83800,1229
20260918,095600,83700,83800,83800,83700,820
20260918,095700,83700,83600,83800,83600,1054
20260918,095800,83700,83800,83800,83600,1803
20260918,095900,83700,83650,83700,83600,178
20260918,100000,83700,83600,83800,83600,1757
20260918,100100,83600,83700,83700,83600,4748
20260918,100200,83700,83600,83700,83600,1537
20260918,100300,83500,83700,83700,83400,3180
20260918,100400,83500,83500,83500,83300,2406
20260918,100500,83600,83500,83600,83500,2023
20260918,100600,83500,83600,83600,83300,4034
20260918,100700,83400,83400,83500,83400,177
20260918,100800,83300,83500,83500,83200,4062
20260918,100900,83300,83300,83300,83200,263
20260918,101000,83300,83250,83300,83200,383
20260918,101100,83300,83300,83300,83200,120
20260918,101200,83300,83300,83300,83200,574
20260918,101300,83300,83250,83300,83200,454
20260918,101400,83200,83300,83300,83100,3165
20260918,101500,83200,83200,83200,83100,359
20260918,101600,83100,83200,83200,83100,567
20260918,101700,83300,83100,83400,83100,1483
20260918,101800,83400,83300,83400,83300,262
20260918,101900,83300,83400,83400,83300,491
20260918,102000,83500,83400,83500,83300,1472
20260918,102100,83400,83500,83500,83300,566
20260918,102200,83400,83400,83500,83300,337
20260918,102300,83300,83400,83400,83300,789
20260918,102400,83300,83300,83300,83200,159
20260918,102500,83200,83300,83300,83100,1781
20260918,102600,83200,83200,83200,83100,368
20260918,102700,83100,83200,83200,83100,404
20260918,102800,83100,83200,83200,83100,275
20260918,102900,83200,83200,83200,83100,230
20260918,103000,83200,83100,83200,83100,588
20260918,103100,83000,83200,83200,82900,5961
20260918,103200,83100,83000,83200,83000,1844
20260918,103300,83100,83100,83100,83000,296
20260918,103400,83000,83100,83100,83000,277
20260918,103500,83100,83100,83200,83000,1923
20260918,103600,83200,83100,83300,83100,1551
20260918,103700,83400,83200,83400,83200,732
20260918,103800,83400,83300,83400,83300,1188
20260918,103900,83400,83400,83400,83300,254
20260918,104000,83400,83400,83400,83300,318
20260918,104100,83400,83400,83400,83300,316
20260918,104200,83400,83300,83400,83300,231
20260918,104300,83400,83300,83400,83300,97
20260918,104400,83200,83400,83400,83200,2432
20260918,104500,83300,83200,83300,83200,518
20260918,104600,83300,83300,83300,83200,233
20260918,104700,83300,83200,83300,83200,56
20260918,104800,83300,83300,83300,83200,257
20260918,104900,83200,83300,83300,83200,194
20260918,105000,83300,83300,83300,83200,282
20260918,105100,83200,83300,83300,83200,102
20260918,105200,83200,83300,83300,83200,469
20260918,105300,83300,83200,83300,83200,287
20260918,105400,83300,83200,83300,83200,231
20260918,105500,83300,83300,83300,83200,84
20260918,105600,83300,83300,83300,83200,272
20260918,105700,83300,83250,83300,83200,188
20260918,105800,83300,83300,83300,83200,509
20260918,105900,83300,83300,83300,83200,182
20260918,110000,83300,83300,83300,83200,817
20260918,110100,83300,83300,83300,83200,205
20260918,110200,83300,83300,83300,83200,361
20260918,110300,83300,83300,83300,83200,239
20260918,110400,83300,83300,83300,83200,750
20260918,110500,83200,83300,83300,83200,104
20260918,110600,83200,83200,83300,83200,612
20260918,110700,83300,83200,83300,83200,233
20260918,110800,83300,83300,83300,83200,806
20260918,110900,83300,83300,83300,83200,92
20260918,111000,83400,83300,83500,83300,2995
20260918,111100,83500,83500,83500,83400,254
20260918,111200,83500,83500,83500,83400,534
20260918,111300,83600,83500,83600,83500,505
20260918,111400,83600,83600,83700,83500,944
20260918,111500,83700,83600,83700,83500,382
20260918,111600,83700,83700,83700,83600,187
20260918,111700,83700,83650,83700,83600,291
20260918,111800,83600,83700,83700,83600,364
20260918,111900,83700,83700,83700,83600,262
20260918,112000,83600,83600,83700,83600,351
20260918,112100,83700,83700,83700,83600,1148
20260918,112200,83600,83700,83700,83600,549
20260918,112300,83700,83700,83700,83600,232
20260918,112400,83700,83700,83700,83700,798
20260918,112500,83800,83700,83800,83600,756
20260918,112600,83800,83700,83800,83700,531
20260918,112700,83700,83700,83800,83700,536
20260918,112800,83700,83700,83700,83600,285
20260918,112900,83700,83700,83700,83700,35
20260918,113000,83700,83700,83700,83600,425
20260918,113100,83700,83700,83700,83600,194
20260918,113200,83700,83700,83700,83600,499
20260918,113300,83700,83700,83700,83600,454
20260918,113400,83700,83700,83700,83600,465
20260918,113500,83700,83700,83700,83600,334
20260918,113600,83700,83700,83800,83700,1867
20260918,113700,83700,83700,83800,83650,424
20260918,113800,83700,83650,83700,83600,454
20260918,113900,83700,83700,83700,83600,246
20260918,114000,83600,83700,83700,83500,1387
20260918,114100,83700,83600,83700,83600,1319
20260918,114200,83650,83700,83700,83600,220
20260918,114300,83700,83700,83700,83600,343
20260918,114400,83700,83700,83700,83600,337
20260918,114500,83700,83700,83700,83700,301
20260918,114600,83700,83700,83700,83600,622
20260918,114700,83700,83600,83700,83600,277
20260918,114800,83700,83700,83700,83700,284
20260918,114900,83800,83700,83800,83600,893
20260918,115000,83800,83800,83800,83700,546
20260918,115100,83700,83800,83800,83600,290
20260918,115200,83800,83800,83800,83700,744
20260918,115300,83800,83700,83800,83700,146
20260918,115400,83800,83750,83800,83700,455
20260918,115500,83800,83800,83800,83700,733
20260918,115600,83700,83800,83800,83600,1043
20260918,115700,83700,83700,83800,83600,792
20260918,115800,83700,83700,83700,83600,268
20260918,115900,83700,83600,83700,83600,502
20260918,120000,83800,83700,83800,83700,233
20260918,120100,83700,83600,83700,83600,309
20260918,120200,83700,83700,83700,83600,574
20260918,120300,83700,83700,83700,83600,195
20260918,120400,83700,83700,83700,83600,698
20260918,120500,83700,83700,83800,83600,654
20260918,120600,83800,83700,83800,83700,341
20260918,120700,83600,83700,83800,83600,778
20260918,120800,83700,83700,83700,83600,456
20260918,120900,83600,83700,83700,83600,492
20260918,121000,83700,83700,83700,83600,429
20260918,121100,83600,83700,83700,83600,374
20260918,121200,83700,83700,83700,83600,338
20260918,121300,83700,83700,83700,83600,360
20260918,121400,83700,83700,83700,83600,50
20260918,121500,83600,83700,83700,83500,1491
20260918,121600,83600,83600,83600,83500,799
20260918,121700,83600,83600,83600,83500,440
20260918,121800,83600,83600,83600,83600,366
20260918,121900,83600,83600,83600,83500,261
20260918,122000,83400,83600,83600,83300,3202
20260918,122100,83400,83400,83400,83300,523
20260918,122200,83400,83400,83500,83300,915
20260918,122300,83500,83500,83500,83400,308
20260918,122400,83500,83500,83500,83400,430
20260918,122500,83400,83500,83500,83400,511
20260918,122600,83500,83500,83500,83400,339
20260918,122700,83500,83500,83500,83400,323
20260918,122800,83500,83500,83500,83400,78
20260918,122900,83500,83400,83500,83400,555
20260918,123000,83500,83450,83500,83400,114
20260918,123100,83500,83500,83500,83400,1115
20260918,123200,83500,83400,83500,83400,318
20260918,123300,83500,83500,83500,83400,360
20260918,123400,83400,83500,83500,83400,1028
20260918,123500,83400,83300,83400,83300,708
20260918,123600,83400,83400,83500,83400,739
20260918,123700,83400,83400,83400,83400,600
20260918,123800,83400,83300,83400,83300,219
20260918,123900,83400,83400,83400,83300,825
20260918,124000,83400,83400,83400,83300,516
20260918,124100,83400,83400,83500,83300,565
20260918,124200,83400,83450,83500,83300,176
20260918,124300,83500,83400,83500,83400,899
20260918,124400,83400,83400,83500,83400,211
20260918,124500,83500,83400,83500,83400,625
20260918,124600,83500,83500,83500,83400,240
20260918,124700,83600,83500,83600,83400,2965
20260918,124800,83700,83600,83700,83500,394
20260918,124900,83700,83700,83800,83600,2166
20260918,125000,83800,83700,83800,83700,310
20260918,125100,83650,83750,83800,83650,1024
20260918,125200,83700,83700,83700,83600,255
20260918,125300,83800,83700,83800,83600,601
20260918,125400,83700,83700,83800,83600,722
20260918,125500,83700,83700,83700,83600,434
20260918,125600,83600,83700,83700,83600,2147
20260918,125700,83700,83700,83700,83700,495
20260918,125800,83700,83700,83700,83600,388
20260918,125900,83700,83600,83700,83600,419
20260918,130000,83700,83700,83700,83600,317
20260918,130100,83600,83700,83800,83600,1530
20260918,130200,83700,83600,83700,83600,567
20260918,130300,83600,83700,83700,83600,784
20260918,130400,83700,83700,83700,83700,261
20260918,130500,83600,83700,83700,83550,1778
20260918,130600,83600,83500,83600,83500,358
20260918,130700,83600,83600,83600,83600,415
20260918,130800,83600,83600,83600,83500,1432
20260918,130900,83550,83500,83600,83500,299
20260918,131000,83500,83600,83700,83500,1277
20260918,131100,83600,83600,83700,83500,734
20260918,131200,83500,83700,83700,83400,2874
20260918,131300,83500,83500,83500,83450,715
20260918,131400,83500,83500,83500,83400,647
20260918,131500,83500,83500,83500,83400,387
20260918,131600,83400,83400,83450,83300,1537
20260918,131700,83300,83400,83400,83300,525
20260918,131800,83400,83400,83400,83300,130
20260918,131900,83300,83400,83400,83300,428
20260918,132000,83400,83400,83400,83300,728
20260918,132100,83300,83300,83400,83300,449
20260918,132200,83350,83300,83400,83300,557
20260918,132300,83400,83400,83400,83300,419
20260918,132400,83200,83300,83400,83100,6341
20260918,132500,83200,83200,83200,83100,708
20260918,132600,83100,83200,83200,83100,534
20260918,132700,83200,83200,83200,83100,455
20260918,132800,83200,83200,83200,83100,276
20260918,132900,83200,83200,83200,83100,197
20260918,133000,83200,83200,83200,83100,2831
20260918,133100,83300,83300,83300,83200,507
20260918,133200,83400,83300,83400,83200,1626
20260918,133300,83400,83300,83400,83300,329
20260918,133400,83300,83400,83400,83200,1761
20260918,133500,83300,83300,83300,83200,740
20260918,133600,83400,83300,83400,83300,320
20260918,133700,83400,83400,83400,83300,357
20260918,133800,83400,83300,83400,83300,671
20260918,133900,83400,83400,83400,83300,870
20260918,134000,83400,83400,83500,83300,2107
20260918,134100,83400,83400,83400,83300,1691
20260918,134200,83300,83400,83400,83300,478
20260918,134300,83400,83400,83400,83300,112
20260918,134400,83400,83400,83400,83300,262
20260918,134500,83300,83400,83400,83300,464
20260918,134600,83400,83400,83400,83300,243
20260918,134700,83300,83400,83400,83300,383
20260918,134800,83400,83400,83400,83300,178
20260918,134900,83400,83400,83400,83300,467
20260918,135000,83400,83400,83400,83300,322
20260918,135100,83300,83400,83400,83300,285
20260918,135200,83400,83400,83400,83300,437
20260918,135300,83400,83400,83400,83300,256
20260918,135400,83400,83300,83400,83300,2722
20260918,135500,83400,83400,83400,83300,73
20260918,135600,83300,83300,83400,83300,257
20260918,135700,83300,83400,83400,83300,2082
20260918,135800,83200,83400,83400,83200,812
20260918,135900,83300,83200,83300,83200,302
20260918,140000,83300,83300,83300,83200,437
20260918,140100,83200,83200,83300,83200,317
20260918,140200,83300,83200,83300,83200,708
20260918,140300,83300,83300,83300,83200,247
20260918,140400,83200,83300,83300,83200,543
20260918,140500,83200,83300,83300,83200,515
20260918,140600,83100,83200,83300,83100,3766
20260918,140700,83100,83200,83200,83100,643
20260918,140800,83200,83200,83200,83100,520
20260918,140900,83100,83200,83200,83100,2069
20260918,141000,83100,83100,83200,83000,2475
20260918,141100,83100,83100,83100,83000,1284
20260918,141200,83100,83100,83100,83000,540
20260918,141300,83200,83100,83300,83000,3720
20260918,141400,83300,83300,83300,83200,992
20260918,141500,83200,83200,83400,83200,628
20260918,141600,83300,83300,83400,83300,1111
20260918,141700,83400,83300,83500,83300,1632
20260918,141800,83400,83400,83500,83200,947
20260918,141900,83400,83400,83500,83300,3105
20260918,142000,83300,83400,83500,83300,1581
20260918,142100,83300,83300,83400,83200,553
20260918,142200,83300,83300,83400,83300,669
20260918,142300,83400,83400,83400,83200,1023
20260918,142400,83200,83350,83350,83200,658
20260918,142500,83200,83300,83300,83200,647
20260918,142600,83300,83250,83300,83200,919
20260918,142700,83300,83200,83300,83200,754
20260918,142800,83300,83300,83300,83200,802
20260918,142900,83200,83300,83300,83200,738
20260918,143000,83300,83200,83300,83200,1160
20260918,143100,83200,83300,83300,83200,800
20260918,143200,83300,83200,83300,83200,660
20260918,143300,83200,83300,83300,83200,704
20260918,143400,83200,83300,83300,83200,1490
20260918,143500,83200,83300,83300,83200,926
20260918,143600,83300,83200,83300,83200,758
20260918,143700,83300,83200,83300,83200,1159
20260918,143800,83200,83200,83300,83200,768
20260918,143900,83300,83200,83300,83200,1063
20260918,144000,83200,83300,83300,83200,826
20260918,144100,83200,83200,83300,83200,799
20260918,144200,83200,83200,83300,83100,3868
20260918,144300,83200,83150,83200,83100,1660
20260918,144400,83200,83200,83200,83100,973
20260918,144500,83200,83100,83200,83100,2084
20260918,144600,83200,83100,83200,83100,859
20260918,144700,83100,83100,83200,83100,632
20260918,144800,83100,83100,83200,83100,1571
20260918,144900,83200,83100,83200,83100,679
20260918,145000,83200,83200,83200,83100,784
20260918,145100,83200,83100,83200,83100,649
20260918,145200,83200,83100,83200,83100,769
20260918,145300,83200,83100,83200,83100,1431
20260918,145400,83100,83100,83200,83100,741
20260918,145500,83100,83100,83200,83100,808
20260918,145600,83100,83100,83200,83100,720
20260918,145700,83100,83200,83200,83100,1009
20260918,145800,83200,83100,83200,83100,580
20260918,145900,83100,83100,83200,83100,3172
20260918,150000,83200,83200,83200,83100,1356
20260918,150100,83100,83100,83100,83000,2598
20260918,150200,83100,83000,83200,83000,2368
20260918,150300,83200,83000,83200,83000,2677
20260918,150400,83100,83100,83200,83100,769
20260918,150500,83100,83100,83200,83100,835
20260918,150600,83100,83100,83200,83100,706
20260918,150700,83100,83100,83200,83100,860
20260918,150800,83200,83100,83200,83100,763
20260918,150900,83200,83100,83200,83100,1199
20260918,151000,83100,83100,83200,83100,942
20260918,151100,83200,83100,83200,83100,1770
20260918,151200,83100,83200,83200,83100,1838
20260918,151300,83200,83100,83200,83000,1798
20260918,151400,83000,83100,83200,83000,1259
20260918,151500,83100,83000,83100,83000,1712
20260918,151600,83000,83100,83100,83000,1492
20260918,151700,83100,83000,83100,83000,3083
20260918,151800,83100,83000,83200,83000,1963
20260918,151900,83100,83100,83300,83100,2284
20260918,152000,83100,83100,83100,83100,0
20260918,152100,83100,83100,83100,83100,0
20260918,152200,83100,83100,83100,83100,0
20260918,152300,83100,83100,83100,83100,0
20260918,152400,83100,83100,83100,83100,0
20260918,152500,83100,83100,83100,83100,0
20260918,152600,83100,83100,83100,83100,0
20260918,152700,83100,83100,83100,83100,0
20260918,152800,83100,83100,83100,83100,0
20260918,152900,83100,83100,83100,83100,0
20260918,153000,82900,82900,82900,82900,106422
20260918,153100,82900,82900,82900,82900,0
20260918,153200,82900,82900,82900,82900,0
20260918,153300,82900,82900,82900,82900,0
20260918,153400,82900,82900,82900,82900,0
20260918,153500,82900,82900,82900,82900,0
20260918,153600,82900,82900,82900,82900,0
20260918,153700,82900,82900,82900,82900,0
20260918,153800,82900,82900,82900,82900,0
20260918,153900,82900,82900,82900,82900,0
20260918,154000,82900,82900,82900,82900,0
20260918,154100,82900,82900,82900,82900,0
20260918,154200,82900,82900,82900,82900,0
20260918,154300,82900,82900,82900,82900,0
20260918,154400,82900,82900,82900,82900,0
20260918,154500,82900,82900,82900,82900,0
20260918,154600,82900,82900,82900,82900,0
20260918,154700,82900,82900,82900,82900,0
20260918,154800,82900,82900,82900,82900,0
20260918,154900,82900,82900,82900,82900,0
20260918,155000,82900,82900,82900,82900,0
20260918,155100,82900,82900,82900,82900,0
20260918,155200,82900,82900,82900,82900,0
20260918,155300,82900,82900,82900,82900,0
20260918,155400,82900,82900,82900,82900,0
20260918,155500,82900,82900,82900,82900,0
20260918,155600,82900,82900,82900,82900,0
20260918,155700,82900,82900,82900,82900,0
20260918,155800,82900,82900,82900,82900,0
20260918,155900,82900,82900,82900,82900,0
20260918,160000,83100,83000,83100,82900,15
20260918,160100,83100,83100,83100,83100,59
20260918,160200,83100,83100,83100,83100,65
20260918,160300,83100,83100,83100,83100,204
20260918,160400,83100,83100,83100,83100,50
20260918,160500,83100,83100,83100,83100,0
20260918,160600,83100,83100,83100,83100,32
20260918,160700,83100,83100,83100,83100,21
20260918,160800,83100,83100,83100,83100,113
20260918,160900,83000,83000,83000,83000,214
20260918,161000,83000,83000,83000,83000,0
20260918,161100,83000,83000,83000,83000,2
20260918,161200,83100,83100,83100,83100,6
20260918,161300,83100,83100,83100,83100,4
20260918,161400,83100,83100,83100,83100,4
20260918,161500,83100,83100,83100,83100,479
20260918,161600,83100,83100,83100,83100,63
20260918,161700,83100,83100,83100,83100,19
20260918,161800,83100,83100,83100,83100,5
20260918,161900,83100,83100,83100,83100,0
20260918,162000,83100,83100,83100,83100,0
20260918,162100,83100,83200,83200,83100,10
20260918,162200,83100,83100,83100,83100,10
20260918,162300,83200,83200,83200,83200,181
20260918,162400,83200,83200,83200,83200,12
20260918,162500,83100,83200,83200,83100,20
20260918,162600,83200,83200,83200,83200,1
20260918,162700,83200,83200,83200,83200,0
20260918,162800,83100,83100,83100,83100,6
20260918,162900,83200,83200,83200,83200,1
20260918,163000,83200,83200,83200,83200,14
20260918,163100,83200,83200,83200,83200,1
20260918,163200,83200,83200,83200,83200,1
20260918,163300,83200,83200,83200,83200,304
20260918,163400,83200,83300,83300,83200,329
20260918,163500,83200,83200,83200,83200,53
20260918,163600,83200,83200,83200,83200,0
20260918,163700,83100,83100,83100,83100,3
20260918,163800,83100,83100,83100,83100,105
20260918,163900,83200,83200,83200,83200,14
20260918,164000,83200,83200,83200,83200,0
20260918,164100,83200,83200,83200,83200,16
20260918,164200,83200,83200,83200,83200,8
20260918,164300,83200,83200,83200,83200,31
20260918,164400,83200,83200,83200,83200,48
20260918,164500,83200,83200,83200,83200,219
20260918,164600,83100,83100,83100,83100,3
20260918,164700,83200,83200,83200,83200,1
20260918,164800,83200,83200,83200,83200,34
20260918,164900,83200,83200,83200,83200,2
20260918,165000,83200,83200,83200,83200,6
20260918,165100,83200,83200,83200,83200,46
20260918,165200,83200,83200,83200,83200,128
20260918,165300,83200,83200,83200,83200,24
20260918,165400,83200,83200,83200,83200,138
20260918,165500,83200,83200,83200,83200,24
20260918,165600,83100,83200,83200,83100,40
20260918,165700,83200,83200,83200,83200,1
20260918,165800,83100,83100,83100,83100,3
20260918,165900,83200,83100,83200,83100,69
20260918,170000,83200,83200,83200,83200,15
20260918,170100,83200,83200,83200,83200,19
20260918,170200,83200,83200,83200,83200,2
20260918,170300,83200,83200,83200,83200,0
20260918,170400,83200,83200,83200,83200,0
20260918,170500,83200,83200,83200,83200,10
20260918,170600,83200,83200,83200,83200,0
20260918,170700,83200,83200,83200,83200,0
20260918,170800,83200,83200,83200,83200,2
20260918,170900,83100,83100,83100,83100,4
20260918,171000,83100,83100,83100,83100,4
20260918,171100,83100,83100,83100,83100,0
20260918,171200,83100,83100,83100,83100,1
20260918,171300,83100,83100,83100,83100,0
20260918,171400,83200,83200,83200,83200,10
20260918,171500,83200,83200,83200,83200,3
20260918,171600,83200,83200,83200,83200,0
20260918,171700,83200,83200,83200,83200,0
20260918,171800,83200,83200,83200,83200,0
20260918,171900,83100,83100,83100,83100,33
20260918,172000,83100,83100,83100,83100,1388
20260918,172100,83000,83100,83100,83000,25
20260918,172200,83100,83100,83100,83100,113
20260918,172300,83000,83100,83100,83000,231
20260918,172400,83100,83100,83100,83100,58
20260918,172500,83100,83100,83100,83100,194
20260918,172600,83100,83000,83100,83000,33
20260918,172700,83100,83000,83100,83000,17
20260918,172800,83100,83100,83100,83100,148
20260918,172900,83100,83100,83100,83100,52
20260918,173000,83100,83100,83100,83100,26
20260918,173100,83100,83100,83100,83100,0
20260918,173200,83100,83100,83100,83100,0
20260918,173300,83100,83100,83100,83100,25
20260918,173400,83200,83200,83200,83200,5
20260918,173500,83200,83200,83200,83200,2
20260918,173600,83200,83200,83200,83200,6
20260918,173700,83200,83200,83200,83200,0
20260918,173800,83100,83100,83100,83100,4
20260918,173900,83100,83100,83100,83100,1
20260918,174000,83100,83100,83100,83100,0
20260918,174100,83200,83100,83200,83100,88
20260918,174200,83100,83100,83100,83100,2
20260918,174300,83100,83100,83100,83100,0
20260918,174400,83200,83200,83200,83200,30
20260918,174500,83100,83200,83200,83100,21
20260918,174600,83100,83100,83100,83100,0
20260918,174700,83100,83100,83100,83100,5
20260918,174800,83100,83100,83100,83100,1
20260918,174900,83200,83200,83200,83200,2
20260918,175000,83100,83100,83100,83100,10
20260918,175100,83200,83100,83200,83100,6
20260918,175200,83200,83200,83200,83200,8
20260918,175300,83200,83200,83200,83200,26
20260918,175400,83200,83200,83200,83200,1
20260918,175500,83200,83200,83200,83200,0
20260918,175600,83100,83100,83100,83100,2
20260918,175700,83200,83200,83200,83200,667
20260918,175800,83200,83200,83200,83200,363
20260918,175900,83300,83200,83300,83200,96
20260918,180000,83100,83200,83200,83100,1353
20260918,180100,83200,83200,83200,83200,151
20260918,180200,83200,83300,83300,83200,3
20260918,180300,83200,83200,83200,83200,0
20260918,180400,83200,83200,83200,83200,114
20260918,180500,83200,83200,83200,83200,241
20260918,180600,83200,83200,83200,83200,224
20260918,180700,83300,83200,83300,83200,83
20260918,180800,83200,83200,83300,83200,218
20260918,180900,83200,83200,83300,83200,99
20260918,181000,83200,83200,83200,83200,190
20260918,181100,83200,83200,83200,83200,83
20260918,181200,83200,83200,83200,83200,16
20260918,181300,83200,83200,83200,83200,131
20260918,181400,83100,83200,83200,83100,28
20260918,181500,83200,83200,83200,83200,1
20260918,181600,83200,83200,83200,83200,4
20260918,181700,83200,83200,83200,83200,344
20260918,181800,83300,83300,83300,83300,3
20260918,181900,83200,83200,83200,83200,50
20260918,182000,83300,83200,83300,83200,1209
20260918,182100,83200,83200,83200,83200,282
20260918,182200,83200,83200,83200,83200,6
20260918,182300,83300,83300,83300,83300,12
20260918,182400,83300,83300,83300,83300,1
20260918,182500,83300,83300,83300,83300,255
20260918,182600,83300,83300,83300,83300,91
20260918,182700,83300,83300,83300,83300,301
20260918,182800,83300,83300,83300,83300,123
20260918,182900,83400,83400,83400,83300,23
20260918,183000,83300,83300,83400,83300,167
20260918,183100,83300,83300,83300,83300,34
20260918,183200,83300,83300,83300,83300,34
20260918,183300,83300,83300,83300,83300,93
20260918,183400,83200,83300,83300,83200,767
20260918,183500,83200,83200,83200,83200,0
20260918,183600,83200,83200,83200,83200,0
20260918,183700,83300,83300,83300,83300,46
20260918,183800,83200,83300,83300,83200,701
20260918,183900,83300,83200,83300,83200,56
20260918,184000,83300,83200,83300,83200,59
20260918,184100,83200,83300,83300,83200,321
20260918,184200,83200,83200,83200,83200,37
20260918,184300,83300,83300,83300,83300,235
20260918,184400,83300,83300,83300,83300,8
20260918,184500,83200,83300,83300,83200,580
20260918,184600,83200,83200,83200,83200,0
20260918,184700,83300,83300,83300,83300,9
20260918,184800,83300,83300,83300,83300,294
20260918,184900,83400,83400,83400,83400,3
20260918,185000,83400,83400,83400,83400,12
20260918,185100,83400,83400,83400,83400,1
20260918,185200,83300,83300,83300,83300,8
20260918,185300,83300,83300,83300,83300,0
20260918,185400,83300,83300,83300,83300,96
20260918,185500,83300,83300,83300,83300,0
20260918,185600,83300,83300,83300,83300,562
20260918,185700,83300,83300,83300,83300,10
20260918,185800,83300,83300,83300,83300,22
20260918,185900,83300,83300,83300,83300,31
20260918,190000,83300,83300,83300,83300,116
20260918,190100,83300,83300,83300,83300,51
20260918,190200,83300,83300,83300,83300,49
20260918,190300,83300,83300,83300,83300,262
20260918,190400,83400,83300,83400,83300,102
20260918,190500,83300,83300,83300,83300,26
20260918,190600,83300,83300,83300,83300,67
20260918,190700,83300,83300,83300,83300,27
20260918,190800,83300,83300,83300,83300,21
20260918,190900,83300,83300,83300,83200,498
20260918,191000,83300,83300,83300,83300,0
20260918,191100,83300,83300,83300,83300,6
20260918,191200,83200,83200,83200,83200,180
20260918,191300,83200,83200,83200,83200,10
20260918,191400,83300,83300,83300,83300,226
20260918,191500,83300,83300,83300,83200,119
20260918,191600,83300,83300,83300,83300,74
20260918,191700,83300,83300,83300,83300,297
20260918,191800,83300,83300,83300,83300,73
20260918,191900,83300,83300,83300,83300,45
20260918,192000,83300,83300,83300,83300,94
20260918,192100,83300,83300,83300,83300,33
20260918,192200,83300,83300,83300,83300,111
20260918,192300,83300,83300,83300,83300,31
20260918,192400,83300,83300,83300,83300,2
20260918,192500,83200,83200,83200,83200,28
20260918,192600,83300,83300,83300,83300,4
20260918,192700,83300,83300,83300,83300,39
20260918,192800,83300,83300,83300,83300,64
20260918,192900,83300,83200,83300,83200,114
20260918,193000,83300,83300,83300,83300,50
20260918,193100,83300,83300,83300,83300,60
20260918,193200,83200,83200,83300,83200,6
20260918,193300,83300,83300,83300,83300,470
20260918,193400,83400,83400,83400,83400,21
20260918,193500,83300,83400,83400,83300,2
20260918,193600,83400,83400,83400,83400,106
20260918,193700,83400,83400,83400,83400,80
20260918,193800,83400,83400,83400,83300,214
20260918,193900,83400,83400,83400,83400,17
20260918,194000,83400,83400,83400,83400,26
20260918,194100,83400,83400,83400,83400,317
20260918,194200,83400,83400,83400,83400,2
20260918,194300,83400,83400,83400,83400,1
20260918,194400,83400,83400,83400,83400,20
20260918,194500,83400,83400,83400,83400,69
